{"Type":1,"Damage":15.0,"Cooldown":0.10000000149011612,"Distance":4.199999809265137}