{"Type":3,"Damage":100.0,"Cooldown":1.600000023841858,"Distance":7.099999904632568}